[
  {
    "title": "Cyber Security",
    "content": "The body of technologies processes and practices designed to protect networks devices programs and data from attack damage and unauthorized access.To learn more contact me.",
    "user_id": 27
  },
  {
  "title": "a post",
  "content": "this is updated",
  "user_id": 24
  },
  {
  "title": "New Laptops 2019",
  "content": "Asus\n16Gb ram\n4 Gb Graphic card.\nAt just $600\nHURRYYYY.........\nlimited period offer",
  "user_id": 20
  },
  {
   "title": "Think and Grow Rich| Napolean Hill",
  "content": "Probably the best self-help book ever written\n\nMillions have used it to get what they want\n\nBest seller for over 70 years\n\nFind success in any walk of life\n\nMillions of copies sold\n\n",
  "user_id": 21
  },
  {
   "title": "Alien Cat",
  "content": "iam an alien cat i have tesseract in me",
  "user_id": 19
  },
  {
    "title": "Apple launches a new Phone...",
  "content": "A good news to the Apple iphone users thers been a new apple Iphone coming up with triple camera and much more...",
  "user_id": 18
  },
   {
    "title": "Google launches a new Phone...",
  "content": "A good news to the Google users there's been a Device coming up with triple camera and much more...",
  "user_id": 18
  }
  ]